task,label
Schedule a meeting with the design team for Monday at 11am.,meeting
Assignment due next Wednesday. Complete the research report.,assignment
Deadline for the client proposal is this Friday.,deadline
Plan an event for the annual company picnic on August 15th.,event
Lunch with the new client on Thursday at 1pm. Discuss partnership opportunities.,meeting
Review the Q2 financial statements before the board meeting.,review
Meeting with the IT department on Tuesday to discuss the new software rollout.,meeting
Assignment to create a marketing strategy by next Monday.,assignment
Submit the final draft of the project report by the end of the week.,deadline
Attend the product launch event on September 10th.,event
Follow-up with the legal team about the contract amendments by Friday.,follow-up
Prepare slides for the investor presentation on Monday.,presentation
Discuss project goals during the Friday team meeting.,meeting
Ensure all safety protocols are updated before the upcoming audit.,task
Plan a team-building exercise for the first week of October.,exercise
Confirm the venue for the annual conference by next Tuesday.,confirm
Organize a workshop on digital marketing strategies for next month.,workshop
Finalize the budget for the new fiscal year before the weekend.,budget
Schedule a quarterly review call with the remote team for Wednesday.,call
Review and approve the new policy changes by Friday morning.,approve
Submit the grant proposal by the end of the month.,proposal
Prepare a project plan for the upcoming product development cycle.,plan
Attend a conference on industry trends next Wednesday.,conference
Meeting with the HR team on Monday to discuss employee feedback.,meeting
Assignment to write a detailed report on market research by next Tuesday.,assignment
Deadline for submitting the annual financial report is next Friday.,deadline
Event to celebrate the company’s anniversary on December 5th.,event
Follow-up with the development team on the project status by Thursday.,follow-up
Prepare and review the presentation slides for the client pitch on Friday.,presentation
Discuss the quarterly goals in the Friday meeting.,meeting
Organize a review session for the team on Monday afternoon.,review
Confirm all details for the upcoming workshop by Friday.,confirm
Plan a strategic retreat for the leadership team in early November.,plan
Finalize and submit the proposal for the new project by next Monday.,proposal
Attend a workshop on project management next Tuesday.,workshop
Meeting with stakeholders to discuss the new product features on Wednesday.,meeting
Deadline for submitting the project review report is this Friday.,deadline
Event for the annual sales awards on January 15th.,event
Prepare the budget for the marketing department by next Monday.,budget
Organize a call with the customer service team to review feedback on Thursday.,call
Plan the end-of-year team celebration party for December 20th.,event
Review the project status reports before the Friday meeting.,review
Meet with John at 2pm on Friday to discuss the new project.,meeting
Assignment due on Monday at 5pm. Ensure all sections are completed.,assignment
Deadline for project is next Thursday. Submit the final report.,deadline
Event planning meeting on Wednesday at 10am. Prepare the agenda.,event
Lunch with Sarah at 12pm on Tuesday. Discuss the upcoming conference.,meeting
Review the quarterly budget report by Friday end of day.,deadline
Meeting with the marketing team on Thursday morning.,meeting
Assignment submission extended until next Monday.,assignment
Deadline for team performance reviews is this Friday.,deadline
Event for the new product launch scheduled for next Tuesday.,event
Follow up with suppliers about the shipment status by Wednesday.,deadline
Prepare slides for the client presentation on Monday.,assignment
Discuss project milestones with the team during the Friday meeting.,meeting
Ensure that all safety protocols are reviewed by the end of the week.,deadline
Plan the team-building exercise for the first week of next month.,event
Confirm venue and guest list for the annual conference by Tuesday.,event
Schedule a check-in call with the remote team for Wednesday.,meeting
Finalize budget proposals for the next fiscal year before the weekend.,deadline
Organize a workshop on digital marketing for next Thursday.,event
Review and approve the new policy draft by Friday morning.,deadline
Prepare the quarterly financial report by Monday.,report
Attend a team meeting to discuss the upcoming product launch on Tuesday.,meeting
Complete the market analysis report by next Friday.,assignment
Organize the annual budget review session by the end of the month.,budget
Coordinate with the marketing team for the new campaign launch next Monday.,coordinate
Submit the updated business plan for review by Thursday.,proposal
Finalize the details for the staff training workshop scheduled for November.,workshop
Prepare a presentation on the new software features for the team meeting on Wednesday.,presentation
Schedule a feedback session with the design team for next Tuesday.,feedback
Confirm the details of the client contract by the end of the week.,confirm
Attend the leadership seminar on industry best practices next Friday.,seminar
Complete the user testing report by next Monday.,report
Plan the logistics for the company’s end-of-year gala on December 10th.,event
Review and update the project timelines for the upcoming quarter.,review
Follow up on the vendor contract renewals by Wednesday.,follow-up
Organize a cross-departmental brainstorming session for next month.,session
Submit the annual compliance report by the end of the week.,report
Schedule a project kickoff meeting with the new client for Monday morning.,meeting
Prepare the press release for the product launch event next month.,press-release
Attend the regional conference on technology trends next Tuesday.,conference
Finalize the team performance evaluations before the end of the month.,evaluation
Organize a team outing for the holidays on December 15th.,event
Review the draft of the new marketing plan by Friday.,review
Confirm the speaker lineup for the upcoming industry summit.,confirm
Draft the new customer engagement plan by next Monday.,plan
Arrange a team meeting to discuss the upcoming project on Thursday.,meeting
Submit the updated marketing strategy by the end of the week.,strategy
Finalize the details for the annual company retreat by Friday.,retreat
Organize the annual review of supplier contracts by the end of the month.,review
Prepare a report on customer feedback for the next board meeting.,report
Coordinate the logistics for the new product demo next Tuesday.,coordinate
Plan the content for the upcoming quarterly newsletter by Monday.,newsletter
Conduct a workshop on leadership skills for managers next Friday.,workshop
Follow up on the budget approval process by Wednesday.,follow-up
Review and update the employee handbook by the end of the month.,review
Organize a team-building event for the marketing department in November.,event
Submit the annual performance review reports by Friday.,report
Attend the sales strategy meeting on Monday to discuss the new targets.,meeting
Confirm all event details for the summer sales conference by next Tuesday.,confirm
Prepare the annual risk assessment report by the end of the week.,report
Schedule a webinar on industry trends for the first week of October.,webinar
Complete the review of new software tools for the IT department by Friday.,review
Plan and execute the year-end audit by December 15th.,audit
Draft the new client onboarding process by next Monday.,process
Organize a feedback session with the product development team for next Wednesday.,feedback
Prepare for the board meeting presentation on the new strategic goals.,presentation
Coordinate the launch event for the new product line in December.,event
Review and finalize the annual marketing budget by next Friday.,budget
Attend a networking event on industry trends next Thursday.,networking
Submit the project status report by Monday morning.,report
Organize a training session on compliance for new employees next Tuesday.,training
Plan the quarterly business review meeting for the first week of next month.,review
Follow up with the development team on the new feature rollout by Friday.,follow-up
Finalize the details for the upcoming annual conference by Wednesday.,conference
Prepare the year-end financial statements by the end of the month.,statement
Organize a team outing for the holiday season on December 20th.,event
Review and approve the final draft of the annual report by Friday.,report
Attend the product feedback session on Tuesday afternoon.,feedback
Coordinate the logistics for the new product launch event next month.,coordinate
Submit the grant application for the new research project by Monday.,application
Plan a strategic meeting to discuss long-term goals for the company.,strategy
Prepare and distribute the company newsletter by Friday.,newsletter
Review the updated project timelines and milestones for next quarter.,review
Organize a workshop on advanced project management techniques for next week.,workshop
Submit the finalized proposal for the new client project by Wednesday.,proposal
Plan and execute a team-building retreat for the marketing team in October.,retreat
Confirm the guest speakers for the annual industry summit by Friday.,confirm
Review and finalize the new policy updates before next week's meeting.,review
Attend a training seminar on leadership development next Thursday.,seminar
I wanted to let you know that I'll be on leave today and will not be attending any meetings. I have some personal matters to attend to and will be out of the office for the entire day.,False
"Hi everyone, I’m out of the office today and won’t be available for any meetings. I have some personal errands to run and will be offline for the entire day. If you need immediate assistance, please contact my colleague. I’ll respond to emails as soon as I can upon my return. Thanks for your understanding.",False
"Just a quick note to let you know that I’m on leave today and will not be attending any scheduled meetings. I’m dealing with some personal matters and will be away from the office all day. For any urgent issues, please reach out to [Colleague's Name]. I appreciate your patience and will get back to you as soon as possible.",False
"Hello team, I’m currently on leave and will not be present for any meetings today. I’m handling some personal tasks and will not have access to my work emails or phone. Should there be anything pressing, please get in touch with [Backup Person's Name]. I’ll catch up with everything once I return tomorrow. Thanks!",False
"Greetings, I’m out of the office today due to personal reasons and won’t be available for meetings. I am taking a full day off and will be checking emails intermittently. For any critical matters, please contact [Alternate Contact Person]. I’ll follow up on all messages once I’m back at my desk. Thanks for your patience.",False
"Please note that I am on leave today and will not be attending any meetings. I have some personal commitments and will be away from my desk throughout the day. If something urgent comes up, please direct your queries to [Team Member's Name]. I’ll review any outstanding issues as soon as I return. Thank you for your understanding.",False
"Hi team, I’m out of the office today for a personal day and won’t be able to attend meetings. I’m catching up on household chores and will be offline. If something urgent comes up, please reach out to [Backup Contact]. I’ll respond to emails and messages as soon as I can. Thanks for your patience.",False
"Hello everyone, I’m taking a personal day today to handle some errands and will not be available for any work-related matters. I’ll be away from my desk and checking emails sporadically. For any pressing issues, please contact [Colleague’s Name]. I’ll address everything upon my return. Thanks!",False
"Hi, I’m away from the office today as I’m managing some personal tasks at home. I’ll be offline for the day and won’t be able to attend meetings. For urgent matters, please get in touch with [Alternate Contact]. I’ll catch up on emails when I return. Thanks for your understanding.",False
"Dear team, I’m on leave today to take care of personal errands and will not be able to attend any scheduled meetings. I’ll be out of touch throughout the day. If there’s something that needs immediate attention, please contact [Backup Person]. I’ll get back to you as soon as I can after my return. Thanks for your patience.",False
"Hi all, I am out today for personal reasons, including running some errands and taking care of home-related tasks. I won’t be available for meetings or work-related communications. For urgent issues, please reach out to [Team Member’s Name]. I’ll follow up on all messages when I’m back. Thanks!",False
"Hello, I’m away from work today due to personal errands and household responsibilities. I won’t be available for any meetings or work tasks. If you have an urgent matter, please contact [Backup Contact Person]. I’ll address all emails and tasks as soon as I return. Appreciate your patience.",False
"Greetings, I’m out of the office today handling personal chores and will not be reachable for meetings or emails. For urgent concerns, please reach out to [Colleague’s Name]. I’ll follow up on all communications once I’m back. Thanks for your understanding.",False
"Hi team, I’m out today for personal reasons, taking care of errands and household matters. I will be offline and not attending any meetings. If something urgent arises, please get in touch with [Backup Person]. I’ll catch up on everything when I return. Thanks for your understanding.",False
"Dear colleagues, I’m out of the office today for personal errands and will not be available for work-related tasks. I’ll be managing home responsibilities and won’t have access to email or phone. For urgent issues, please contact [Team Member’s Name]. I’ll get back to you when I’m available. Thanks!",False
"Hello, I’m out of the office today as I’m taking care of personal errands and will not be able to attend any meetings. I’m offline for the day and won’t be checking emails. For any immediate needs, please reach out to [Alternate Contact]. I’ll respond to messages once I return. Thanks for your patience.",False
"I’m looking forward to collaborating with you in the future. Your ideas and approach are impressive, and I’m excited about the possibility of working together on upcoming projects. Let’s stay in touch and explore opportunities for collaboration soon. Thanks for reaching out!",False
"I appreciate your interest in working together. I’m eager to see how we can collaborate on future projects. Your expertise and vision are exciting, and I’m confident we can achieve great things together. Looking forward to connecting again soon!",False
"It was great to connect with you. I’m enthusiastic about the prospect of working with you in the future. Your insights are valuable, and I believe we could accomplish a lot together. Let’s keep in touch and explore ways to collaborate down the line. Thanks for your time!",False
"I’m excited about the potential to work with you in the future. Your work aligns well with our goals, and I’m looking forward to exploring opportunities for collaboration. Let’s stay in touch and see how we can build something great together!",False
"Thank you for the opportunity to discuss potential collaboration. I’m very interested in working together and believe we could create something fantastic. Let’s continue the conversation and look for ways to partner on future projects. I’m looking forward to it!",False
"I’m thrilled about the possibility of working with you in the future. Your ideas and vision are inspiring, and I think there are great opportunities for us to collaborate. Let’s keep the dialogue open and find ways to work together soon. Thanks for considering this!",False
"Your proposal has piqued my interest, and I’m eager to explore how we can collaborate in the future. I’m confident that our combined efforts could lead to successful outcomes. Looking forward to staying in touch and discussing potential projects together!",False
"I’m very excited about the chance to work together. Your innovative approach is something I’d love to be part of, and I’m looking forward to exploring future collaborations. Let’s keep the conversation going and see how we can make this happen. Thanks for reaching out!",False
"Great to connect with you! I’m enthusiastic about the prospect of future collaboration. Your vision aligns with our objectives, and I’m keen to explore how we can work together on upcoming initiatives. Let’s keep in touch and discuss further opportunities!",False
"I’m looking forward to the possibility of working together in the future. Your expertise and perspective are impressive, and I believe we can achieve great results through collaboration. Let’s stay in touch and discuss how we can partner on future projects. Thanks for your interest!",False